{"cameraMode":{"drawMode":0,"name":"Shaded","section":"Shading Mode"},"sceneLighting":true,"audioPlay":false,"sceneViewState":{"m_AlwaysRefresh":false,"showFog":true,"showSkybox":true,"showFlares":true,"showImageEffects":true,"showParticleSystems":true,"showVisualEffectGraphs":true,"m_FxEnabled":true},"in2DMode":false,"pivot":{"x":16.546627044677736,"y":40.35784912109375,"z":-65.87110900878906},"rotation":{"x":-0.18868140876293183,"y":-0.25704386830329897,"z":0.051281604915857318,"w":-0.9463089108467102},"size":5.966026306152344,"orthographic":false}